"Inner_Iter",       "CD"       ,       "CL"       
           0,     0.03598515054,      0.4433176323
