"Inner_Iter",       "CD"       ,       "CL"       
           0,     0.03586867132,      0.4435594282
