"Inner_Iter",       "CD"       ,       "CL"       
           0,     0.03678876904,      0.4303007505
